Tenure,Distance,Kenpei,Youseki,Reform,E_Size,E_Tenure,E_Distance,E_Kenpei,E_Youseki,E_Reform,Size,Hat_B,Hat_Y_D1,Hat_B_OLS,Hat_Y_OLS
20,15,60,400,0,49.41569282136894,18.81636060100167,6.175292153589315,70.85141903171954,450.7512520868114,0.22203672787979958,15,7.427134063705448,41.46169028207795,6.461132554982077,6.461132554982077
20,15,60,400,0,47.322314049586765,20.6099173553719,7.482644628099178,67.23966942148759,285.6198347107438,0.26115702479338837,15,-6.348100329511948,12.243218926552586,-16.00656221530522,-16.00656221530522
20,15,60,400,0,49.41569282136894,18.81636060100167,6.175292153589315,70.85141903171954,450.7512520868114,0.22203672787979958,16,7.656585406811531,42.10481002661615,8.030209096297828,8.030209096297828
20,15,60,400,0,47.322314049586765,20.6099173553719,7.482644628099178,67.23966942148759,285.6198347107438,0.26115702479338837,16,-6.118648986405866,12.69302087601679,-14.437485673989471,-14.437485673989471
20,15,60,400,0,49.41569282136894,18.81636060100167,6.175292153589315,70.85141903171954,450.7512520868114,0.22203672787979958,17,7.886307160230508,42.74792977115433,9.599285637613578,9.599285637613578
20,15,60,400,0,47.322314049586765,20.6099173553719,7.482644628099178,67.23966942148759,285.6198347107438,0.26115702479338837,17,-5.888927232986887,13.142822825480994,-12.86840913267372,-12.86840913267372
20,15,60,400,0,49.41569282136894,18.81636060100167,6.175292153589315,70.85141903171954,450.7512520868114,0.22203672787979958,18,7.221690562563965,43.5333452225548,11.168362178929328,11.168362178929328
20,15,60,400,0,47.322314049586765,20.6099173553719,7.482644628099178,67.23966942148759,285.6198347107438,0.26115702479338837,18,-5.528090600611285,13.951698702583876,-11.29933259135797,-11.29933259135797
20,15,60,400,0,49.41569282136894,18.81636060100167,6.175292153589315,70.85141903171954,450.7512520868114,0.22203672787979958,19,7.452768941472434,44.176464967093,12.737438720245077,12.737438720245077
20,15,60,400,0,47.322314049586765,20.6099173553719,7.482644628099178,67.23966942148759,285.6198347107438,0.26115702479338837,19,-5.297012221702817,14.401500652048083,-9.730256050042222,-9.730256050042222
20,15,60,400,0,49.41569282136894,18.81636060100167,6.175292153589315,70.85141903171954,450.7512520868114,0.22203672787979958,20,7.6849335355575,44.81958471163118,14.306515261560827,14.306515261560827
20,15,60,400,0,47.322314049586765,20.6099173553719,7.482644628099178,67.23966942148759,285.6198347107438,0.26115702479338837,20,-5.064847627617749,14.85130260151229,-8.161179508726471,-8.161179508726471
20,15,60,400,0,49.41569282136894,18.81636060100167,6.175292153589315,70.85141903171954,450.7512520868114,0.22203672787979958,21,7.918460693415488,45.46270445616936,15.875591802876578,15.875591802876578
20,15,60,400,0,47.322314049586765,20.6099173553719,7.482644628099178,67.23966942148759,285.6198347107438,0.26115702479338837,21,-4.831320469759761,15.301104550976499,-6.592102967410721,-6.592102967410721
20,15,60,400,0,49.41569282136894,18.81636060100167,6.175292153589315,70.85141903171954,450.7512520868114,0.22203672787979958,22,8.153644418209774,46.10582420070756,17.444668344192326,17.444668344192326
20,15,60,400,0,47.322314049586765,20.6099173553719,7.482644628099178,67.23966942148759,285.6198347107438,0.26115702479338837,22,-4.5961367449654755,15.750906500440705,-5.0230264260949715,-5.0230264260949715
20,15,60,400,0,49.41569282136894,18.81636060100167,6.175292153589315,70.85141903171954,450.7512520868114,0.22203672787979958,23,9.126976403060926,47.147378287814064,19.01374488550808,19.01374488550808
20,15,60,400,0,47.322314049586765,20.6099173553719,7.482644628099178,67.23966942148759,285.6198347107438,0.26115702479338837,23,-4.252650049181927,17.176408173295236,-3.4539498847792216,-3.4539498847792216
20,15,60,400,0,49.41569282136894,18.81636060100167,6.175292153589315,70.85141903171954,450.7512520868114,0.22203672787979958,24,9.366368512143206,47.79049803235226,20.582821426823827,20.582821426823827
20,15,60,400,0,47.322314049586765,20.6099173553719,7.482644628099178,67.23966942148759,285.6198347107438,0.26115702479338837,24,-4.0132579400996455,17.62621012275944,-1.8848733434634717,-1.8848733434634717
20,15,60,400,0,49.41569282136894,18.81636060100167,6.175292153589315,70.85141903171954,450.7512520868114,0.22203672787979958,25,9.608312438577189,48.43361777689045,22.151897968139576,22.151897968139576
20,15,60,400,0,47.322314049586765,20.6099173553719,7.482644628099178,67.23966942148759,285.6198347107438,0.26115702479338837,25,-3.7713140136656653,18.076012072223644,-0.31579680214772177,-0.31579680214772177
20,15,60,400,0,49.41569282136894,18.81636060100167,6.175292153589315,70.85141903171954,450.7512520868114,0.22203672787979958,26,9.91531325940503,49.6979741653651,23.720974509455328,23.720974509455328
20,15,60,400,0,47.322314049586765,20.6099173553719,7.482644628099178,67.23966942148759,285.6198347107438,0.26115702479338837,26,-3.5266147685350946,18.657427614508176,1.2532797391680282,1.2532797391680282
20,15,60,400,0,49.41569282136894,18.81636060100167,6.175292153589315,70.85141903171954,450.7512520868114,0.22203672787979958,27,10.163223292961156,50.77333285896944,25.290051050771076,25.290051050771076
20,15,60,400,0,47.322314049586765,20.6099173553719,7.482644628099178,67.23966942148759,285.6198347107438,0.26115702479338837,27,-3.2787047349789695,19.222728838408166,2.822356280483778,2.822356280483778
20,15,60,400,0,49.41569282136894,18.81636060100167,6.175292153589315,70.85141903171954,450.7512520868114,0.22203672787979958,28,10.416447625353214,53.92763281375449,26.85912759208683,26.85912759208683
20,15,60,400,0,47.322314049586765,20.6099173553719,7.482644628099178,67.23966942148759,285.6198347107438,0.26115702479338837,28,-2.3418488546767566,21.20059451493819,4.391432821799528,4.391432821799528
20,15,60,400,0,49.41569282136894,18.81636060100167,6.175292153589315,70.85141903171954,450.7512520868114,0.22203672787979958,29,10.671409734120159,55.00299150735884,28.428204133402577,28.428204133402577
20,15,60,400,0,47.322314049586765,20.6099173553719,7.482644628099178,67.23966942148759,285.6198347107438,0.26115702479338837,29,-2.0868867459098133,21.76589573883818,5.960509363115278,5.960509363115278
20,15,60,400,0,49.41569282136894,18.81636060100167,6.175292153589315,70.85141903171954,450.7512520868114,0.22203672787979958,30,10.930303362561657,56.07835020096318,29.997280674718326,29.997280674718326
20,15,60,400,0,47.322314049586765,20.6099173553719,7.482644628099178,67.23966942148759,285.6198347107438,0.26115702479338837,30,-1.8279931174683153,22.331196962738165,7.529585904431028,7.529585904431028
20,15,60,400,0,49.41569282136894,18.81636060100167,6.175292153589315,70.85141903171954,450.7512520868114,0.22203672787979958,31,11.276265663749129,57.59322008778503,31.566357216034078,31.566357216034078
20,15,60,400,0,47.322314049586765,20.6099173553719,7.482644628099178,67.23966942148759,285.6198347107438,0.26115702479338837,31,-1.5317995885823015,22.955269536085986,9.098662445746777,9.098662445746777
20,15,60,400,0,49.41569282136894,18.81636060100167,6.175292153589315,70.85141903171954,450.7512520868114,0.22203672787979958,32,11.543780419211876,58.66857878138939,33.13543375734983,33.13543375734983
20,15,60,400,0,47.322314049586765,20.6099173553719,7.482644628099178,67.23966942148759,285.6198347107438,0.26115702479338837,32,-1.264284833119554,23.520570759985976,10.667738987062528,10.667738987062528
20,15,60,400,0,49.41569282136894,18.81636060100167,6.175292153589315,70.85141903171954,450.7512520868114,0.22203672787979958,33,12.151696761205228,61.28872003167104,34.704510298665575,34.704510298665575
20,15,60,400,0,47.322314049586765,20.6099173553719,7.482644628099178,67.23966942148759,285.6198347107438,0.26115702479338837,33,-0.46285418122721644,25.42986400814533,12.236815528378278,12.236815528378278
20,15,60,400,0,49.41569282136894,18.81636060100167,6.175292153589315,70.85141903171954,450.7512520868114,0.22203672787979958,34,12.428740192246739,62.3640787252754,36.27358683998133,36.27358683998133
20,15,60,400,0,47.322314049586765,20.6099173553719,7.482644628099178,67.23966942148759,285.6198347107438,0.26115702479338837,34,-0.18581075018570603,25.99516523204532,13.805892069694028,13.805892069694028
20,15,60,400,0,49.41569282136894,18.81636060100167,6.175292153589315,70.85141903171954,450.7512520868114,0.22203672787979958,35,12.710885459118868,63.43943741887975,37.84266338129708,37.84266338129708
20,15,60,400,0,47.322314049586765,20.6099173553719,7.482644628099178,67.23966942148759,285.6198347107438,0.26115702479338837,35,0.09633451668642401,26.56046645594531,15.374968611009777,15.374968611009777
20,15,60,400,0,49.41569282136894,18.81636060100167,6.175292153589315,70.85141903171954,450.7512520868114,0.22203672787979958,36,13.017392821486705,64.6840113734785,39.411739922612824,39.411739922612824
20,15,60,400,0,47.322314049586765,20.6099173553719,7.482644628099178,67.23966942148759,285.6198347107438,0.26115702479338837,36,0.40204293415786807,27.2424409016946,16.94404515232553,16.94404515232553
20,15,60,400,0,49.41569282136894,18.81636060100167,6.175292153589315,70.85141903171954,450.7512520868114,0.22203672787979958,37,13.310524529246695,65.75937006708284,40.980816463928576,40.980816463928576
20,15,60,400,0,47.322314049586765,20.6099173553719,7.482644628099178,67.23966942148759,285.6198347107438,0.26115702479338837,37,0.6951746419178575,27.807742125594594,18.513121693641278,18.513121693641278
20,15,60,400,0,49.41569282136894,18.81636060100167,6.175292153589315,70.85141903171954,450.7512520868114,0.22203672787979958,38,13.074583864788986,68.21071130008954,42.54989300524433,42.54989300524433
20,15,60,400,0,47.322314049586765,20.6099173553719,7.482644628099178,67.23966942148759,285.6198347107438,0.26115702479338837,38,1.3547542757016737,29.32029344349955,20.082198234957026,20.082198234957026
20,15,60,400,0,49.41569282136894,18.81636060100167,6.175292153589315,70.85141903171954,450.7512520868114,0.22203672787979958,39,13.379956119972801,69.28606999369389,44.11896954656007,44.11896954656007
20,15,60,400,0,47.322314049586765,20.6099173553719,7.482644628099178,67.23966942148759,285.6198347107438,0.26115702479338837,39,1.6601265308854898,29.885594667399538,21.65127477627278,21.65127477627278
20,15,60,400,0,49.41569282136894,18.81636060100167,6.175292153589315,70.85141903171954,450.7512520868114,0.22203672787979958,40,13.691924712380812,70.36142868729824,45.688046087875826,45.688046087875826
20,15,60,400,0,47.322314049586765,20.6099173553719,7.482644628099178,67.23966942148759,285.6198347107438,0.26115702479338837,40,1.9720951232935024,30.45089589129953,23.220351317588527,23.220351317588527
20,15,60,400,0,49.41569282136894,18.81636060100167,6.175292153589315,70.85141903171954,450.7512520868114,0.22203672787979958,41,13.937007773391143,71.55419324288131,47.25712262919158,47.25712262919158
20,15,60,400,0,47.322314049586765,20.6099173553719,7.482644628099178,67.23966942148759,285.6198347107438,0.26115702479338837,41,2.337822642764559,31.065860748289357,24.789427858904276,24.789427858904276
20,15,60,400,0,49.41569282136894,18.81636060100167,6.175292153589315,70.85141903171954,450.7512520868114,0.22203672787979958,42,14.263210269028823,72.62955193648567,48.82619917050732,48.82619917050732
20,15,60,400,0,47.322314049586765,20.6099173553719,7.482644628099178,67.23966942148759,285.6198347107438,0.26115702479338837,42,2.6640251384022373,31.631161972189346,26.358504400220028,26.358504400220028
20,15,60,400,0,49.41569282136894,18.81636060100167,6.175292153589315,70.85141903171954,450.7512520868114,0.22203672787979958,43,14.399213412497655,74.79081254925696,50.395275711823075,50.395275711823075
20,15,60,400,0,47.322314049586765,20.6099173553719,7.482644628099178,67.23966942148759,285.6198347107438,0.26115702479338837,43,3.278327264200856,32.843381802469786,27.927580941535776,27.927580941535776
20,15,60,400,0,49.41569282136894,18.81636060100167,6.175292153589315,70.85141903171954,450.7512520868114,0.22203672787979958,44,14.741212076979327,75.86617124286131,51.96435225313883,51.96435225313883
20,15,60,400,0,47.322314049586765,20.6099173553719,7.482644628099178,67.23966942148759,285.6198347107438,0.26115702479338837,44,3.6203259286825284,33.408683026369786,29.496657482851525,29.496657482851525
20,15,60,400,0,49.41569282136894,18.81636060100167,6.175292153589315,70.85141903171954,450.7512520868114,0.22203672787979958,45,15.091699448796767,76.94152993646564,53.53342879445457,53.53342879445457
20,15,60,400,0,47.322314049586765,20.6099173553719,7.482644628099178,67.23966942148759,285.6198347107438,0.26115702479338837,45,3.9708133004999695,33.97398425026977,31.065734024167277,31.065734024167277
20,15,60,400,0,49.41569282136894,18.81636060100167,6.175292153589315,70.85141903171954,450.7512520868114,0.22203672787979958,46,15.393911757616216,77.69149677162392,55.102505335770324,55.102505335770324
20,15,60,400,0,47.322314049586765,20.6099173553719,7.482644628099178,67.23966942148759,285.6198347107438,0.26115702479338837,46,4.366427859984905,34.18480955875462,32.63481056548303,32.63481056548303
20,15,60,400,0,49.41569282136894,18.81636060100167,6.175292153589315,70.85141903171954,450.7512520868114,0.22203672787979958,47,15.762627302368818,78.26578272782497,56.671581877086076,56.671581877086076
20,15,60,400,0,47.322314049586765,20.6099173553719,7.482644628099178,67.23966942148759,285.6198347107438,0.26115702479338837,47,4.735143404737509,34.339318702963965,34.203887106798774,34.203887106798774
20,15,60,400,0,49.41569282136894,18.81636060100167,6.175292153589315,70.85141903171954,450.7512520868114,0.22203672787979958,48,19.059685308239377,80.87707479099642,58.24065841840182,58.24065841840182
20,15,60,400,0,47.322314049586765,20.6099173553719,7.482644628099178,67.23966942148759,285.6198347107438,0.26115702479338837,48,5.081398992117558,35.48861403208138,35.772963648114526,35.772963648114526
20,15,60,400,0,49.41569282136894,18.81636060100167,6.175292153589315,70.85141903171954,450.7512520868114,0.22203672787979958,49,19.44843241836817,81.45136074719744,59.809734959717574,59.809734959717574
20,15,60,400,0,47.322314049586765,20.6099173553719,7.482644628099178,67.23966942148759,285.6198347107438,0.26115702479338837,49,5.47014610224635,35.643123176290715,37.34204018943028,37.34204018943028
20,15,60,400,0,49.41569282136894,18.81636060100167,6.175292153589315,70.85141903171954,450.7512520868114,0.22203672787979958,50,19.847875307230943,82.0256467033985,61.378811501033326,61.378811501033326
20,15,60,400,0,47.322314049586765,20.6099173553719,7.482644628099178,67.23966942148759,285.6198347107438,0.26115702479338837,50,5.869588991109125,35.79763232050004,38.91111673074602,38.91111673074602
20,15,60,400,0,49.41569282136894,18.81636060100167,6.175292153589315,70.85141903171954,450.7512520868114,0.22203672787979958,51,20.25848512929906,82.59993265959953,62.94788804234908,62.94788804234908
20,15,60,400,0,47.322314049586765,20.6099173553719,7.482644628099178,67.23966942148759,285.6198347107438,0.26115702479338837,51,6.295083148957203,35.97572938691903,40.480193272061776,40.480193272061776
20,15,60,400,0,49.41569282136894,18.81636060100167,6.175292153589315,70.85141903171954,450.7512520868114,0.22203672787979958,52,20.680804334140284,83.17421861580057,64.51696458366483,64.51696458366483
20,15,60,400,0,47.322314049586765,20.6099173553719,7.482644628099178,67.23966942148759,285.6198347107438,0.26115702479338837,52,6.717402353798427,36.13023853112836,42.04926981337753,42.04926981337753
20,15,60,400,0,49.41569282136894,18.81636060100167,6.175292153589315,70.85141903171954,450.7512520868114,0.22203672787979958,53,23.45672131001861,89.60044225762985,66.08604112498057,66.08604112498057
20,15,60,400,0,47.322314049586765,20.6099173553719,7.482644628099178,67.23966942148759,285.6198347107438,0.26115702479338837,53,7.19785754430751,36.692569393049894,43.61834635469327,43.61834635469327
20,15,60,400,0,49.41569282136894,18.81636060100167,6.175292153589315,70.85141903171954,450.7512520868114,0.22203672787979958,54,23.904140100431633,90.17472821383089,67.65511766629632,67.65511766629632
20,15,60,400,0,47.322314049586765,20.6099173553719,7.482644628099178,67.23966942148759,285.6198347107438,0.26115702479338837,54,7.6452763347205295,36.847078537259236,45.187422896009025,45.187422896009025
20,15,60,400,0,49.41569282136894,18.81636060100167,6.175292153589315,70.85141903171954,450.7512520868114,0.22203672787979958,55,24.36494909364334,90.74901417003193,69.22419420761207,69.22419420761207
20,15,60,400,0,47.322314049586765,20.6099173553719,7.482644628099178,67.23966942148759,285.6198347107438,0.26115702479338837,55,8.106085327932234,37.001587681468564,46.75649943732478,46.75649943732478
20,15,60,400,0,49.41569282136894,18.81636060100167,6.175292153589315,70.85141903171954,450.7512520868114,0.22203672787979958,56,24.79656329464221,91.4439418327406,70.79327074892782,70.79327074892782
20,15,60,400,0,47.322314049586765,20.6099173553719,7.482644628099178,67.23966942148759,285.6198347107438,0.26115702479338837,56,8.584970094778441,37.15879960843109,48.32557597864053,48.32557597864053
20,15,60,400,0,49.41569282136894,18.81636060100167,6.175292153589315,70.85141903171954,450.7512520868114,0.22203672787979958,57,25.285969364256754,92.01822778894164,72.36234729024358,72.36234729024358
20,15,60,400,0,47.322314049586765,20.6099173553719,7.482644628099178,67.23966942148759,285.6198347107438,0.26115702479338837,57,9.074376164392989,37.313308752640424,49.894652519956274,49.894652519956274
20,15,60,400,0,49.41569282136894,18.81636060100167,6.175292153589315,70.85141903171954,450.7512520868114,0.22203672787979958,58,26.70609309956292,93.7611638920483,73.93142383155933,73.93142383155933
20,15,60,400,0,47.322314049586765,20.6099173553719,7.482644628099178,67.23966942148759,285.6198347107438,0.26115702479338837,58,9.996868298344358,38.799888339720056,51.463729061272026,51.463729061272026
20,15,60,400,0,49.41569282136894,18.81636060100167,6.175292153589315,70.85141903171954,450.7512520868114,0.22203672787979958,59,27.22678370579593,94.33544984824934,75.50050037287508,75.50050037287508
20,15,60,400,0,47.322314049586765,20.6099173553719,7.482644628099178,67.23966942148759,285.6198347107438,0.26115702479338837,59,10.517558904577363,38.95439748392939,53.03280560258778,53.03280560258778
20,15,60,400,0,49.41569282136894,18.81636060100167,6.175292153589315,70.85141903171954,450.7512520868114,0.22203672787979958,60,27.764131655639368,94.90973580445038,77.06957691419082,77.06957691419082
20,15,60,400,0,47.322314049586765,20.6099173553719,7.482644628099178,67.23966942148759,285.6198347107438,0.26115702479338837,60,11.054906854420803,39.108906628138726,54.601882143903524,54.601882143903524
20,15,60,400,0,49.41569282136894,18.81636060100167,6.175292153589315,70.85141903171954,450.7512520868114,0.22203672787979958,61,28.299910553639204,95.53218043516277,78.63865345550657,78.63865345550657
20,15,60,400,0,47.322314049586765,20.6099173553719,7.482644628099178,67.23966942148759,285.6198347107438,0.26115702479338837,61,11.609584797778423,39.31624288979673,56.170958685219276,56.170958685219276
20,15,60,400,0,49.41569282136894,18.81636060100167,6.175292153589315,70.85141903171954,450.7512520868114,0.22203672787979958,62,28.872574872559845,96.10646639136382,80.20772999682232,80.20772999682232
20,15,60,400,0,47.322314049586765,20.6099173553719,7.482644628099178,67.23966942148759,285.6198347107438,0.26115702479338837,62,12.182249116699069,39.47075203400608,57.74003522653503,57.74003522653503
20,15,60,400,0,49.41569282136894,18.81636060100167,6.175292153589315,70.85141903171954,450.7512520868114,0.22203672787979958,63,30.358219722173324,99.46494946415928,81.77680653813808,81.77680653813808
20,15,60,400,0,47.322314049586765,20.6099173553719,7.482644628099178,67.23966942148759,285.6198347107438,0.26115702479338837,63,13.095647608003837,41.48941370280573,59.30911176785077,59.30911176785077
20,15,60,400,0,49.41569282136894,18.81636060100167,6.175292153589315,70.85141903171954,450.7512520868114,0.22203672787979958,64,30.968813737475354,100.03923542036033,83.34588307945383,83.34588307945383
20,15,60,400,0,47.322314049586765,20.6099173553719,7.482644628099178,67.23966942148759,285.6198347107438,0.26115702479338837,64,13.706241623305868,41.643922847015055,60.878188309166525,60.878188309166525
20,15,60,400,0,49.41569282136894,18.81636060100167,6.175292153589315,70.85141903171954,450.7512520868114,0.22203672787979958,65,31.599351073595756,100.61352137656137,84.91495962076958,84.91495962076958
20,15,60,400,0,47.322314049586765,20.6099173553719,7.482644628099178,67.23966942148759,285.6198347107438,0.26115702479338837,65,14.336778959426269,41.79843199122439,62.44726485048228,62.44726485048228
20,15,60,400,0,49.41569282136894,18.81636060100167,6.175292153589315,70.85141903171954,450.7512520868114,0.22203672787979958,66,32.30382775191924,103.12401004418402,86.48403616208532,86.48403616208532
20,15,60,400,0,47.322314049586765,20.6099173553719,7.482644628099178,67.23966942148759,285.6198347107438,0.26115702479338837,66,14.991136253790964,42.403128943709014,64.01634139179802,64.01634139179802
20,15,60,400,0,49.41569282136894,18.81636060100167,6.175292153589315,70.85141903171954,450.7512520868114,0.22203672787979958,67,32.97594338741981,105.32587746251139,88.05311270340107,88.05311270340107
20,15,60,400,0,47.322314049586765,20.6099173553719,7.482644628099178,67.23966942148759,285.6198347107438,0.26115702479338837,67,15.663251889291528,42.9929605910511,65.58541793311377,65.58541793311377
20,15,60,400,0,49.41569282136894,18.81636060100167,6.175292153589315,70.85141903171954,450.7512520868114,0.22203672787979958,68,35.30952854530183,109.63111241166317,89.62218924471682,89.62218924471682
20,15,60,400,0,47.322314049586765,20.6099173553719,7.482644628099178,67.23966942148759,285.6198347107438,0.26115702479338837,68,17.83315856865649,45.608439356832456,67.15449447442953,67.15449447442953
20,15,60,400,0,49.41569282136894,18.81636060100167,6.175292153589315,70.85141903171954,450.7512520868114,0.22203672787979958,69,36.02496008155527,111.83297982999052,91.19126578603257,91.19126578603257
20,15,60,400,0,47.322314049586765,20.6099173553719,7.482644628099178,67.23966942148759,285.6198347107438,0.26115702479338837,69,18.548590104909916,46.19827100417453,68.72357101574528,68.72357101574528
20,15,60,400,0,49.41569282136894,18.81636060100167,6.175292153589315,70.85141903171954,450.7512520868114,0.22203672787979958,70,36.7626869568689,114.03484724831787,92.76034232734833,92.76034232734833
20,15,60,400,0,47.322314049586765,20.6099173553719,7.482644628099178,67.23966942148759,285.6198347107438,0.26115702479338837,70,19.286316980223553,46.788102651516624,70.29264755706103,70.29264755706103
20,15,60,400,0,49.41569282136894,18.81636060100167,6.175292153589315,70.85141903171954,450.7512520868114,0.22203672787979958,71,37.68210449842677,116.40105539880251,94.32941886866408,94.32941886866408
20,15,60,400,0,47.322314049586765,20.6099173553719,7.482644628099178,67.23966942148759,285.6198347107438,0.26115702479338837,71,20.02433226155096,47.558737435058134,71.86172409837677,71.86172409837677
20,15,60,400,0,49.41569282136894,18.81636060100167,6.175292153589315,70.85141903171954,450.7512520868114,0.22203672787979958,72,38.46517807785774,118.76726354928716,95.89849540997983,95.89849540997983
20,15,60,400,0,47.322314049586765,20.6099173553719,7.482644628099178,67.23966942148759,285.6198347107438,0.26115702479338837,72,20.80740584098192,48.3129098145575,73.43080063969252,73.43080063969252
20,15,60,400,0,49.41569282136894,18.81636060100167,6.175292153589315,70.85141903171954,450.7512520868114,0.22203672787979958,73,39.62833272291623,121.30299820889181,97.46757195129557,97.46757195129557
20,15,60,400,0,47.322314049586765,20.6099173553719,7.482644628099178,67.23966942148759,285.6198347107438,0.26115702479338837,73,21.973599798381553,49.496919300477316,74.99987718100827,74.99987718100827
20,15,60,400,0,49.41569282136894,18.81636060100167,6.175292153589315,70.85141903171954,450.7512520868114,0.22203672787979958,74,40.4567482408321,123.66920635937646,99.03664849261132,99.03664849261132
20,15,60,400,0,47.322314049586765,20.6099173553719,7.482644628099178,67.23966942148759,285.6198347107438,0.26115702479338837,74,22.802015316297428,50.25109167997668,76.56895372232403,76.56895372232403
20,15,60,400,0,49.41569282136894,18.81636060100167,6.175292153589315,70.85141903171954,450.7512520868114,0.22203672787979958,75,41.30780515062628,126.0354145098611,100.60572503392707,100.60572503392707
20,15,60,400,0,47.322314049586765,20.6099173553719,7.482644628099178,67.23966942148759,285.6198347107438,0.26115702479338837,75,23.653072226091602,51.005264059476055,78.13803026363978,78.13803026363978
20,15,60,400,0,49.41569282136894,18.81636060100167,6.175292153589315,70.85141903171954,450.7512520868114,0.22203672787979958,76,42.20476964172458,128.40162266034574,102.17480157524282,102.17480157524282
20,15,60,400,0,47.322314049586765,20.6099173553719,7.482644628099178,67.23966942148759,285.6198347107438,0.26115702479338837,76,24.54504475319461,51.75347803154226,79.70710680495553,79.70710680495553
20,15,60,400,0,49.41569282136894,18.81636060100167,6.175292153589315,70.85141903171954,450.7512520868114,0.22203672787979958,77,43.10068879230747,130.76783081083042,103.74387811655858,103.74387811655858
20,15,60,400,0,47.322314049586765,20.6099173553719,7.482644628099178,67.23966942148759,285.6198347107438,0.26115702479338837,77,25.440963903777494,52.507650411041624,81.27618334627127,81.27618334627127
20,15,60,400,0,49.41569282136894,18.81636060100167,6.175292153589315,70.85141903171954,450.7512520868114,0.22203672787979958,78,44.00702055613523,137.97735203914644,105.31295465787433,105.31295465787433
20,15,60,400,0,47.322314049586765,20.6099173553719,7.482644628099178,67.23966942148759,285.6198347107438,0.26115702479338837,78,26.56891813030462,53.31819046419424,82.84525988758702,82.84525988758702
20,15,60,400,0,49.41569282136894,18.81636060100167,6.175292153589315,70.85141903171954,450.7512520868114,0.22203672787979958,79,44.9465356560343,140.3435601896311,106.88203119919007,106.88203119919007
20,15,60,400,0,47.322314049586765,20.6099173553719,7.482644628099178,67.23966942148759,285.6198347107438,0.26115702479338837,79,27.50843323020369,54.072362843693604,84.41433642890277,84.41433642890277
20,15,60,400,0,49.41569282136894,18.81636060100167,6.175292153589315,70.85141903171954,450.7512520868114,0.22203672787979958,80,45.90735451120499,142.70976834011572,108.45110774050582,108.45110774050582
20,15,60,400,0,47.322314049586765,20.6099173553719,7.482644628099178,67.23966942148759,285.6198347107438,0.26115702479338837,80,28.469252085374382,54.82653522319297,85.98341297021852,85.98341297021852
20,15,60,400,0,49.41569282136894,18.81636060100167,6.175292153589315,70.85141903171954,450.7512520868114,0.22203672787979958,81,47.689274936973085,145.07597649060037,110.02018428182157,110.02018428182157
20,15,60,400,0,47.322314049586765,20.6099173553719,7.482644628099178,67.23966942148759,285.6198347107438,0.26115702479338837,81,29.46598150563032,55.568545080303,87.55248951153428,87.55248951153428
20,15,60,400,0,49.41569282136894,18.81636060100167,6.175292153589315,70.85141903171954,450.7512520868114,0.22203672787979958,82,48.6914322907666,147.44218464108502,111.58926082313732,111.58926082313732
20,15,60,400,0,47.322314049586765,20.6099173553719,7.482644628099178,67.23966942148759,285.6198347107438,0.26115702479338837,82,30.468138859423828,56.32271745980235,89.12156605285003,89.12156605285003
20,15,60,400,0,49.41569282136894,18.81636060100167,6.175292153589315,70.85141903171954,450.7512520868114,0.22203672787979958,83,51.87131200979747,153.10735306407534,113.15833736445308,113.15833736445308
20,15,60,400,0,47.322314049586765,20.6099173553719,7.482644628099178,67.23966942148759,285.6198347107438,0.26115702479338837,83,30.647158352233443,57.52509195225221,90.69064259416578,90.69064259416578
20,15,60,400,0,49.41569282136894,18.81636060100167,6.175292153589315,70.85141903171954,450.7512520868114,0.22203672787979958,84,52.91256806065094,155.47356121455996,114.72741390576883,114.72741390576883
20,15,60,400,0,47.322314049586765,20.6099173553719,7.482644628099178,67.23966942148759,285.6198347107438,0.26115702479338837,84,31.68841440308691,58.279264331751584,92.25971913548152,92.25971913548152
20,15,60,400,0,49.41569282136894,18.81636060100167,6.175292153589315,70.85141903171954,450.7512520868114,0.22203672787979958,85,53.972518503743984,157.83976936504462,116.29649044708457,116.29649044708457
20,15,60,400,0,47.322314049586765,20.6099173553719,7.482644628099178,67.23966942148759,285.6198347107438,0.26115702479338837,85,32.748364846179946,59.03343671125094,93.82879567679727,93.82879567679727
20,15,60,400,0,49.41569282136894,18.81636060100167,6.175292153589315,70.85141903171954,450.7512520868114,0.22203672787979958,86,55.05056981078277,160.57295189983714,117.86556698840032,117.86556698840032
20,15,60,400,0,47.322314049586765,20.6099173553719,7.482644628099178,67.23966942148759,285.6198347107438,0.26115702479338837,86,33.97752476662033,60.21729012162652,95.39787221811302,95.39787221811302
20,15,60,400,0,49.41569282136894,18.81636060100167,6.175292153589315,70.85141903171954,450.7512520868114,0.22203672787979958,87,56.146034223739235,162.9391600503218,119.43464352971607,119.43464352971607
20,15,60,400,0,47.322314049586765,20.6099173553719,7.482644628099178,67.23966942148759,285.6198347107438,0.26115702479338837,87,35.0729891795768,60.97146250112588,96.96694875942877,96.96694875942877
20,15,60,400,0,49.41569282136894,18.81636060100167,6.175292153589315,70.85141903171954,450.7512520868114,0.22203672787979958,88,62.45447719200557,168.9099829721879,121.00372007103182,121.00372007103182
20,15,60,400,0,47.322314049586765,20.6099173553719,7.482644628099178,67.23966942148759,285.6198347107438,0.26115702479338837,88,36.785492920058424,63.15977098345293,98.53602530074453,98.53602530074453
20,15,60,400,0,49.41569282136894,18.81636060100167,6.175292153589315,70.85141903171954,450.7512520868114,0.22203672787979958,89,63.58263387041254,171.27619112267254,122.57279661234757,122.57279661234757
20,15,60,400,0,47.322314049586765,20.6099173553719,7.482644628099178,67.23966942148759,285.6198347107438,0.26115702479338837,89,37.913649598465405,63.91394336295231,100.10510184206028,100.10510184206028
20,15,60,400,0,49.41569282136894,18.81636060100167,6.175292153589315,70.85141903171954,450.7512520868114,0.22203672787979958,90,64.72606970835234,173.64239927315717,124.14187315366333,124.14187315366333
20,15,60,400,0,47.322314049586765,20.6099173553719,7.482644628099178,67.23966942148759,285.6198347107438,0.26115702479338837,90,39.05708543640521,64.66811574245166,101.67417838337602,101.67417838337602
20,15,60,400,0,49.41569282136894,18.81636060100167,6.175292153589315,70.85141903171954,450.7512520868114,0.22203672787979958,91,64.3620377777638,176.67999383558669,125.71094969497908,125.71094969497908
20,15,60,400,0,47.322314049586765,20.6099173553719,7.482644628099178,67.23966942148759,285.6198347107438,0.26115702479338837,91,40.15657156189478,65.40994131891942,103.24325492469177,103.24325492469177
20,15,60,400,0,49.41569282136894,18.81636060100167,6.175292153589315,70.85141903171954,450.7512520868114,0.22203672787979958,92,65.53368234663593,179.0462019860713,127.28002623629482,127.28002623629482
20,15,60,400,0,47.322314049586765,20.6099173553719,7.482644628099178,67.23966942148759,285.6198347107438,0.26115702479338837,92,41.3282161307669,66.1641136984188,104.81233146600752,104.81233146600752
20,15,60,400,0,49.41569282136894,18.81636060100167,6.175292153589315,70.85141903171954,450.7512520868114,0.22203672787979958,93,63.51696343983673,181.8935739545344,128.84910277761057,128.84910277761057
20,15,60,400,0,47.322314049586765,20.6099173553719,7.482644628099178,67.23966942148759,285.6198347107438,0.26115702479338837,93,43.61889272704991,68.10907296579694,106.38140800732327,106.38140800732327
20,15,60,400,0,49.41569282136894,18.81636060100167,6.175292153589315,70.85141903171954,450.7512520868114,0.22203672787979958,94,64.71326294062116,184.25978210501904,130.41817931892632,130.41817931892632
20,15,60,400,0,47.322314049586765,20.6099173553719,7.482644628099178,67.23966942148759,285.6198347107438,0.26115702479338837,94,44.81519222783435,68.86324534529632,107.95048454863903,107.95048454863903
20,15,60,400,0,49.41569282136894,18.81636060100167,6.175292153589315,70.85141903171954,450.7512520868114,0.22203672787979958,95,65.92054568049274,186.62599025550372,131.98725586024207,131.98725586024207
20,15,60,400,0,47.322314049586765,20.6099173553719,7.482644628099178,67.23966942148759,285.6198347107438,0.26115702479338837,95,46.02247496770591,69.6174177247957,109.51956108995478,109.51956108995478
20,15,60,400,0,49.41569282136894,18.81636060100167,6.175292153589315,70.85141903171954,450.7512520868114,0.22203672787979958,96,68.46299343409743,190.06863385297197,133.55633240155782,133.55633240155782
20,15,60,400,0,47.322314049586765,20.6099173553719,7.482644628099178,67.23966942148759,285.6198347107438,0.26115702479338837,96,47.32377399625793,70.60505729754054,111.08863763127053,111.08863763127053
20,15,60,400,0,49.41569282136894,18.81636060100167,6.175292153589315,70.85141903171954,450.7512520868114,0.22203672787979958,97,69.68950241005979,192.43484200345662,135.12540894287358,135.12540894287358
20,15,60,400,0,47.322314049586765,20.6099173553719,7.482644628099178,67.23966942148759,285.6198347107438,0.26115702479338837,97,48.55028297222028,71.3592296770399,112.65771417258627,112.65771417258627
20,15,60,400,0,49.41569282136894,18.81636060100167,6.175292153589315,70.85141903171954,450.7512520868114,0.22203672787979958,98,79.97905792429377,216.19317322171034,136.69448548418933,136.69448548418933
20,15,60,400,0,47.322314049586765,20.6099173553719,7.482644628099178,67.23966942148759,285.6198347107438,0.26115702479338837,98,49.547049664123996,73.11590630098652,114.22679071390202,114.22679071390202
20,15,60,400,0,49.41569282136894,18.81636060100167,6.175292153589315,70.85141903171954,450.7512520868114,0.22203672787979958,99,81.22103836965647,218.55938137219496,138.26356202550508,138.26356202550508
20,15,60,400,0,47.322314049586765,20.6099173553719,7.482644628099178,67.23966942148759,285.6198347107438,0.26115702479338837,99,50.78903010948671,73.87007868048589,115.79586725521777,115.79586725521777
20,15,60,400,0,49.41569282136894,18.81636060100167,6.175292153589315,70.85141903171954,450.7512520868114,0.22203672787979958,100,82.4693437378348,220.92558952267956,139.83263856682083,139.83263856682083
20,15,60,400,0,47.322314049586765,20.6099173553719,7.482644628099178,67.23966942148759,285.6198347107438,0.26115702479338837,100,52.037335477665025,74.62425105998526,117.36494379653352,117.36494379653352
20,15,60,400,0,49.41569282136894,18.81636060100167,6.175292153589315,70.85141903171954,450.7512520868114,0.22203672787979958,101,87.8388697125115,239.0661648423658,141.40171510813656,141.40171510813656
20,15,60,400,0,47.322314049586765,20.6099173553719,7.482644628099178,67.23966942148759,285.6198347107438,0.26115702479338837,101,54.04890209535891,78.96610194923946,118.93402033784928,118.93402033784928
20,15,60,400,0,49.41569282136894,18.81636060100167,6.175292153589315,70.85141903171954,450.7512520868114,0.22203672787979958,102,92.91530875958878,254.02176580841254,142.9707916494523,142.9707916494523
20,15,60,400,0,47.322314049586765,20.6099173553719,7.482644628099178,67.23966942148759,285.6198347107438,0.26115702479338837,102,56.439688422915395,81.66292663895517,120.50309687916503,120.50309687916503
20,15,60,400,0,49.41569282136894,18.81636060100167,6.175292153589315,70.85141903171954,450.7512520868114,0.22203672787979958,103,148.99662550458058,318.7280858554313,144.53986819076806,144.53986819076806
20,15,60,400,0,47.322314049586765,20.6099173553719,7.482644628099178,67.23966942148759,285.6198347107438,0.26115702479338837,103,73.54788141268494,108.27861060273955,122.07217342048077,122.07217342048077
20,15,60,400,0,49.41569282136894,18.81636060100167,6.175292153589315,70.85141903171954,450.7512520868114,0.22203672787979958,104,154.07844249621596,333.68368682147803,146.1089447320838,146.1089447320838
20,15,60,400,0,47.322314049586765,20.6099173553719,7.482644628099178,67.23966942148759,285.6198347107438,0.26115702479338837,104,75.94404568479955,110.9754352924553,123.64124996179652,123.64124996179652
20,15,60,400,0,49.41569282136894,18.81636060100167,6.175292153589315,70.85141903171954,450.7512520868114,0.22203672787979958,105,159.16133121456227,348.6392877875248,147.67802127339957,147.67802127339957
20,15,60,400,0,47.322314049586765,20.6099173553719,7.482644628099178,67.23966942148759,285.6198347107438,0.26115702479338837,105,78.34128168362508,113.67225998217096,125.21032650311227,125.21032650311227
