項番,路線,駅ナンバー,駅名,よみ,英語名,駅管理者,住所,高さ1,高さ2,高さ1備考,高さ2備考,情報更新日
1,浅草線,A-01,西馬込,にしまごめ,Nishi-magome,東京都交通局,東京都大田区西馬込2-1-6,-9.0m,,,,2015/10/1
2,浅草線,A-02,馬込,まごめ,Magome,東京都交通局,東京都大田区北馬込2-31-9,-12.7m,,,,2015/10/1
3,浅草線,A-03,中延,なかのぶ,Nakanobu,東京都交通局,東京都品川区東中延2-9-12,-11.0m,,,,2015/10/1
4,浅草線,A-04,戸越,とごし,Togoshi,東京都交通局,東京都品川区戸越3-4-17,-11.0m,,,,2015/10/1
5,浅草線,A-05,五反田,ごたんだ,Gotanda,東京都交通局,東京都品川区東五反田1-26-2,-12.1m,,,,2015/10/1
6,浅草線,A-06,高輪台,たかなわだい,Takanawadai,東京都交通局,東京都港区白金台2-26-7先,-18.2m,,,,2015/10/1
7,浅草線,A-07,泉岳寺,せんがくじ,Sengakuji,東京都交通局,東京都港区高輪2-16-34,-11.4m,,,,2015/10/1
8,浅草線,A-08,三田,みた,Mita,東京都交通局,東京都港区芝5-34-10,-12.5m,,,,2015/10/1
9,浅草線,A-09,大門,だいもん,Daimon,東京都交通局,東京都港区浜松町1-27-12,-7.9m,,,,2015/10/1
10,浅草線,A-10,新橋,しんばし,Shimbashi,東京都交通局,東京都港区新橋2-21-1先,-13.8m,,,,2015/10/1
11,浅草線,A-11,東銀座,ひがしぎんざ,Higashi-ginza,東京都交通局,東京都中央区銀座4-10-10先,-9.4m,,,,2015/10/1
12,浅草線,A-12,宝町,たからちょう,Takaracho,東京都交通局,東京都中央区京橋2-13-11先,-13.6m,,,,2015/10/1
13,浅草線,A-13,日本橋,にほんばし,Nihombashi,東京都交通局,東京都中央区日本橋1-13-1先,-12.9m,,,,2015/10/1
14,浅草線,A-14,人形町,にんぎょうちょう,Ningyocho,東京都交通局,東京都中央区日本橋人形町3-7-13,-15.6m,,,,2015/10/1
15,浅草線,A-15,東日本橋,ひがしにほんばし,Higashi-nihombashi,東京都交通局,東京都中央区東日本橋3-11-8先,-8.6m,,,,2015/10/1
16,浅草線,A-16,浅草橋,あさくさばし,Asakusabashi,東京都交通局,東京都台東区浅草橋1-18-11, -11.6m,,,,2015/10/1
17,浅草線,A-17,蔵前,くらまえ,Kuramae,東京都交通局,東京都台東区蔵前2-3-1,-7.5m,,,,2015/10/1
18,浅草線,A-18,浅草,あさくさ,Asakusa,東京都交通局,東京都台東区駒形1-12-14,-16.6m,,,,2015/10/1
19,浅草線,A-19,本所吾妻橋,ほんじょあづまばし,Honjo-azumabashi,東京都交通局,東京都墨田区吾妻橋3-7-16先,-9.6m,,,,2015/10/1
20,浅草線,A-20,押上,おしあげ,Oshiage,京成電鉄,東京都墨田区押上1-8-21,-7.0m,,,,2015/10/1
21,三田線,I-01,目黒,めぐろ,Meguro,東急電鉄,東京都品川区上大崎4-2-1,-18.7m,,,,2015/10/1
22,三田線,I-02,白金台,しろかねだい,Shirokanedai,東京メトロ,東京都港区白金台4-5-10,-27.2m,,,,2015/10/1
23,三田線,I-03,白金高輪,しろかねたかなわ,Shirokane-takanawa,東京メトロ,東京都港区高輪1-3-20先,-28.7m,,,,2015/10/1
24,三田線,I-04,三田,みた,Mita,東京都交通局,東京都港区芝5-18-8,-23.8m,-17.6m,4番（西高島平方面）,3番（目黒方面）,2015/10/1
25,三田線,I-05,芝公園,しばこうえん,Shibakoen,東京都交通局,東京都港区芝公園4-8-14,-20.6m,,,,2015/10/1
26,三田線,I-06,御成門,おなりもん,Onarimon,東京都交通局,東京都港区西新橋3-24-6,-19.1m,,,,2015/10/1
27,三田線,I-07,内幸町,うちさいわいちょう,Uchisaiwaicho,東京都交通局,東京都千代田区内幸町2-2-3先,-21.3m,,,,2015/10/1
28,三田線,I-08,日比谷,ひびや,Hibiya,東京都交通局,東京都千代田区有楽町1-13-1先,-13.3m,,,,2015/10/1
29,三田線,I-09,大手町,おおてまち,Otemachi,東京都交通局,東京都千代田区丸の内1-3-1先,-12.9m,,,,2015/10/1
30,三田線,I-10,神保町,じんぼうちょう,Jimbocho,東京都交通局,東京都千代田区神田神保町2-1,-16.0m,,,,2015/10/1
31,三田線,I-11,水道橋,すいどうばし,Suidobashi,東京都交通局,東京都文京区後楽1-3-42先,-15.7m,,,,2015/10/1
32,三田線,I-12,春日,かすが,Kasuga,東京都交通局,東京都文京区本郷4-15-16,-13.4m,,,,2015/10/1
33,三田線,I-13,白山,はくさん,Hakusan,東京都交通局,東京都文京区白山5-36-10,-17.9m,,,,2015/10/1
34,三田線,I-14,千石,せんごく,Sengoku,東京都交通局,東京都文京区千石1-29-13,-13.3m,,,,2015/10/1
35,三田線,I-15,巣鴨,すがも,Sugamo,東京都交通局,東京都豊島区巣鴨3-27-7,-13.4m,,,,2015/10/1
36,三田線,I-16,西巣鴨,にしすがも,Nishi-sugamo,東京都交通局,東京都豊島区西巣鴨3-25-13,-13.9m,,,,2015/10/1
37,三田線,I-17,新板橋,しんいたばし,Shin-itabashi,東京都交通局,東京都板橋区板橋1-53-17,-11.5m,,,,2015/10/1
38,三田線,I-18,板橋区役所前,いたばしくやくしょまえ,Itabashi-kuyakushomae,東京都交通局,東京都板橋区板橋2-66-17,-10.8m,,,,2015/10/1
39,三田線,I-19,板橋本町,いたばしほんちょう,Itabashihoncho,東京都交通局,東京都板橋区大和町17-1,-10.4m,,,,2015/10/1
40,三田線,I-20,本蓮沼.,もとはすぬま,Motohasunuma,東京都交通局,東京都板橋区蓮沼町19-8,-10.6m,,,,2015/10/1
41,三田線,I-21,志村坂上,しむらさかうえ,Shimura-sakaue,東京都交通局,東京都板橋区志村1-14-13,-11.5m,,,,2015/10/1
42,三田線,I-22,志村三丁目,しむらさんちょうめ,Shimura-sanchome,東京都交通局,東京都板橋区志村3-23-1,7.4m,,,,2015/10/1
43,三田線,I-23,蓮根,はすね,Hasune,東京都交通局,東京都板橋区蓮根2-31-30,7.8m,,,,2015/10/1
44,三田線,I-24,西台,にしだい,Nishidai,東京都交通局,東京都板橋区高島平9-1-1,8.7m,,,,2015/10/1
45,三田線,I-25,高島平,たかしまだいら,Takashimadaira,東京都交通局,東京都板橋区高島平8-2-1,10.1m,,,,2015/10/1
46,三田線,I-26,新高島平,しんたかしまだいら,Shin-takashimadaira,東京都交通局,東京都板橋区高島平7-1,8.5m,,,,2015/10/1
47,三田線,I-27,西高島平,にしたかしまだいら,Nishi-takashimadaira,東京都交通局,東京都板橋区高島平6-1,7.7m,,,,2015/10/1
48,新宿線,S-01,新宿,しんじゅく,Shinjuku,京王電鉄,東京都新宿区西新宿1-18先,-26.5m,,,,2015/10/1
49,新宿線,S-02,新宿三丁目,しんじゅくさんちょうめ,Shinjuku-sanchome,東京都交通局,東京都新宿区新宿3-3-2,-19.1m,,,,2015/10/1
50,新宿線,S-03,曙橋,あけぼのばし,Akebonobashi,東京都交通局,東京都新宿区住吉町7-1,-17.4m,,,,2015/10/1
51,新宿線,S-04,市ヶ谷,いちがや,Ichigaya,東京都交通局,東京都千代田区九段南4-8-22,-17.5m,,,,2015/10/1
52,新宿線,S-05,九段下,くだんした,Kudanshita,東京都交通局,東京都千代田区九段北1-13-19 ,-19.2m,,,,2015/10/1
53,新宿線,S-06,神保町,じんぼうちょう,Jimbocho,東京都交通局,東京都千代田区神田神保町2-7,-9.2m,,,,2015/10/1
54,新宿線,S-07,小川町,おがわまち,Ogawamachi,東京都交通局,東京都千代田区神田小川町1-6,-22.1m,,,,2015/10/1
55,新宿線,S-08,岩本町,いわもとちょう,Iwamotocho,東京都交通局,東京都千代田区神田岩本町1,-24.4m,,,,2015/10/1
56,新宿線,S-09,馬喰横山,ばくろよこやま,Bakuro-yokoyama,東京都交通局,東京都中央区日本橋横山町4-13,-17.3m,,,,2015/10/1
57,新宿線,S-10,浜町,はまちょう,Hamacho,東京都交通局,東京都中央区日本橋浜町2-59-3,-19.9m,,,,2015/10/1
58,新宿線,S-11,森下,もりした,Morishita,東京都交通局,東京都江東区森下1-13-10,-17.7m,,,,2015/10/1
59,新宿線,S-12,菊川,きくかわ,Kikukawa,東京都交通局,東京都墨田区菊川3-16-2,-17.4m,,,,2015/10/1
60,新宿線,S-13,住吉,すみよし,Sumiyoshi,東京都交通局,東京都江東区住吉2-23-12,-14.9m,,,,2015/10/1
61,新宿線,S-14,西大島,にしおおじま,Nishi-ojima,東京都交通局,東京都江東区大島2-41-19,-18.3m,,,,2015/10/1
62,新宿線,S-15,大島,おおじま,Ojima,東京都交通局,東京都江東区大島5-10-8,-14.0m,,,,2015/10/1
63,新宿線,S-16,東大島,ひがしおおじま,Higashi-ojima,東京都交通局,東京都江東区大島9-3-14,10.1m,,,,2015/10/1
64,新宿線,S-17,船堀,ふなぼり,Funabori,東京都交通局,東京都江戸川区船堀3-6-1,6.9m,,,,2015/10/1
65,新宿線,S-18,一之江,いちのえ,Ichinoe,東京都交通局,東京都江戸川区一之江8-14-1 ,-18.7m,,,,2015/10/1
66,新宿線,S-19,瑞江,みずえ,Mizue,東京都交通局,東京都江戸川区瑞江2-2-1,-12.3m,,,,2015/10/1
67,新宿線,S-20,篠崎,しのざき,Shinozaki,東京都交通局,東京都江戸川区篠崎町7-27-1,-13.2m,,,,2015/10/1
68,新宿線,S-21,本八幡,もとやわた,Motoyawata,東京都交通局,千葉県市川市八幡2-16-13,-21.0m,,,,2015/10/1
69,大江戸線,E-01,新宿西口,しんじゅくにしぐち,Shinjuku-nishiguchi,東京都交通局,東京都新宿区西新宿1-3-17,-21.9m,,,,2015/10/1
70,大江戸線,E-02,東新宿,ひがししんじゅく,Higashi-shinjuku,東京都交通局,東京都新宿区新宿7-27-3,-18.3m,,,,2015/10/1
71,大江戸線,E-03,若松河田,わかまつかわだ,Wakamatsu-kawada,東京都交通局,東京都新宿区河田町10-10,-19.4m,,,,2015/10/1
72,大江戸線,E-04,牛込柳町,うしごめやなぎちょう,Ushigome-yanagicho,東京都交通局,東京都新宿区原町2-32,-21.2m,,,,2015/10/1
73,大江戸線,E-05,牛込神楽坂,うしごめかぐらざか,Ushigome-kagurazaka,東京都交通局,東京都新宿区箪笥町15,-20.7m,,,,2015/10/1
74,大江戸線,E-06,飯田橋,いいだばし,Iidabashi,東京都交通局,東京都文京区後楽1-9-5,-32.1m,,,,2015/10/1
75,大江戸線,E-07,春日,かすが,Kasuga,東京都交通局,東京都文京区春日1-16-17,-22.3m,,,,2015/10/1
76,大江戸線,E-08,本郷三丁目,ほんごうさんちょうめ,Hongo-sanchome,東京都交通局,東京都文京区本郷2-40-8,-23.2m,,,,2015/10/1
77,大江戸線,E-09,上野御徒町,うえのおかちまち,Ueno-okachimachi,東京都交通局,東京都台東区上野5-26-6,-15.5m,,,,2015/10/1
78,大江戸線,E-10,新御徒町,しんおかちまち,Shin-okachimachi,東京都交通局,東京都台東区元浅草1-5-2,-15.5m,,,,2015/10/1
79,大江戸線,E-11,蔵前,くらまえ,Kuramae,東京都交通局,東京都台東区寿3-3-1,-17.9m,,,,2015/10/1
80,大江戸線,E-12,両国,りょうごく,Ryogoku,東京都交通局,東京都墨田区横網1-4-29,-15.2m,,,,2015/10/1
81,大江戸線,E-13,森下,もりした,Morishita,東京都交通局,東京都江東区森下2-17-17,-22.5m,,,,2015/10/1
82,大江戸線,E-14,清澄白河,きよすみしらかわ,Kiyosumi-shirakawa,東京都交通局,東京都江東区白河1-7-14,-14.7m,,,,2015/10/1
83,大江戸線,E-15,門前仲町,もんぜんなかちょう,Monzen-nakacho,東京都交通局,東京都江東区門前仲町2-5-2先,-18.5m,,,,2015/10/1
84,大江戸線,E-16,月島,つきしま,Tsukishima,東京都交通局,東京都中央区月島1-5-4先,-15.0m,,,,2015/10/1
85,大江戸線,E-17,勝どき,かちどき,Kachidoki,東京都交通局,東京都中央区勝どき2-10-15先,-15.3m,,,,2015/10/1
86,大江戸線,E-18,築地市場,つきじしじょう,Tsukijishijo,東京都交通局,東京都中央区築地5-1-2,-15.7m,,,,2015/10/1
87,大江戸線,E-19,汐留,しおどめ,Shiodome,東京都交通局,東京都港区東新橋1-9-1先,-17.8m,,,,2015/10/1
88,大江戸線,E-20,大門,だいもん,Daimon,東京都交通局,東京都港区浜松町2-3-4,-22.8m,,,,2015/10/1
89,大江戸線,E-21,赤羽橋,あかばねばし,Akabanebashi,東京都交通局,東京都港区東麻布1-28-13,-21.0m,,,,2015/10/1
90,大江戸線,E-22,麻布十番,あざぶじゅうばん,Azabu-juban,東京都交通局,東京都港区麻布十番1-4-6,-32.5m,,,,2015/10/1
91,大江戸線,E-23,六本木,ろっぽんぎ,Roppongi,東京都交通局,東京都港区赤坂9-7-39,-42.3m,-32.8m,内回り（1番、大門方面）,外回り（2番、新宿方面）,2015/10/1
92,大江戸線,E-24,青山一丁目,あおやまいっちょうめ,Aoyama-itchome,東京都交通局,東京都港区北青山1-2-4,-27.0m,,,,2015/10/1
93,大江戸線,E-25,国立競技場,こくりつきょうぎじょう,Kokuritsu-kyogijo,東京都交通局,東京都新宿区霞ヶ丘町10-3,-28.4m,,,,2015/10/1
94,大江戸線,E-26,代々木,よよぎ,Yoyogi,東京都交通局,東京都渋谷区代々木1-35-5,-20.6m,,,,2015/10/1
95,大江戸線,E-27,新宿,しんじゅく,Shinjuku,東京都交通局,東京都渋谷区代々木2-1-1,-36.6m,,,,2015/10/1
96,大江戸線,E-28,都庁前,とちょうまえ,Tochomae,東京都交通局,東京都新宿区西新宿2-8-1,-18.5m,,,,2015/10/1
97,大江戸線,E-29,西新宿五丁目,にししんじゅくごちょうめ,Nishi-shinjuku-gochome,東京都交通局,東京都新宿区西新宿5-25-9,-23.3m,,,,2015/10/1
98,大江戸線,E-30,中野坂上,なかのさかうえ,Nakano-sakaue,東京都交通局,東京都中野区中央2-2-28,-33.4m,,,,2015/10/1
99,大江戸線,E-31,東中野,ひがしなかの,Higashi-nakano,東京都交通局,東京都中野区東中野3-8-16,-38.8m,,,,2015/10/1
100,大江戸線,E-32,中井,なかい,Nakai,東京都交通局,東京都新宿区上落合2-20-8,-35.1m,,,,2015/10/1
101,大江戸線,E-33,落合南長崎,おちあいみなみながさき,Ochiai-minami-nagasaki,東京都交通局,東京都新宿区西落合3-1-18,-17.0m,,,,2015/10/1
102,大江戸線,E-34,新江古田,しんえごた,Shin-egota,東京都交通局,東京都中野区江原町2-29-13,-12.5m,,,,2015/10/1
103,大江戸線,E-35,練馬,ねりま,Nerima,東京都交通局,東京都練馬区豊玉北5-17-12,-15.5m,,,,2015/10/1
104,大江戸線,E-36,豊島園,としまえん,Toshimaen,東京都交通局,東京都練馬区練馬4-14-17,-19.5m,,,,2015/10/1
105,大江戸線,E-37,練馬春日町,ねりまかすがちょう,Nerima-kasugacho,東京都交通局,東京都練馬区春日町3-29-25,-18.7m,,,,2015/10/1
106,大江戸線,E-38,光が丘,ひかりがおか,Hikarigaoka,東京都交通局,東京都練馬区光が丘2-9-5,-11.9m,,,,2015/10/1